Company Name,Priority Tier,Score,Industry,Revenue,Employees,Location,Decision Maker,Title,Email,Key Score Reasons
"Synthetix Data Engine","A",92,"SaaS / Software",5100000,41,"Salt Lake City, UT, United States","Karthik Raman","Founder & CEO","karthik@synthetixdata.example.com","Revenue ($5.1M) is within target range ($5.0M–$25.0M) → +25/25; Industry (SaaS / Software) matches ICP criteria → +20/20; Employee count (41) is within target range (10–100) → +20/20; Moderate growth signals (48% revenue growth, 32% employee growth, founded 2019) → +12/20; High data completeness (100%) → +15/15"
"Sentient Security Labs","A",91,"Cybersecurity",6200000,52,"Boston, MA, United States","Dr. Elena Rostova","Co-Founder & CTO","elena@sentientsec.example.com","Revenue ($6.2M) is within target range ($5.0M–$25.0M) → +25/25; Industry (Cybersecurity) matches ICP criteria → +20/20; Employee count (52) is within target range (10–100) → +20/20; Moderate growth signals (41% revenue growth, 30% employee growth, founded 2017) → +11/20; High data completeness (100%) → +15/15"
"Beacon Compliance AI","A",90,"SaaS / Software",7400000,58,"New York, NY, United States","Devon Mercer","Co-Founder & CEO","devon@beaconcompliance.example.com","Revenue ($7.4M) is within target range ($5.0M–$25.0M) → +25/25; Industry (SaaS / Software) matches ICP criteria → +20/20; Employee count (58) is within target range (10–100) → +20/20; Moderate growth signals (35% revenue growth, 22% employee growth, founded 2018) → +10/20; High data completeness (100%) → +15/15"
"CoreStack DevOps","B",89,"Cloud Infrastructure",3900000,27,"Ottawa, ON, Canada","Sophie Dubois","Co-Founder & CEO","sophie@corestack-devops.example.com","Revenue ($3.9M) is close to target range ($5.0M–$25.0M) → +22/25; Industry (Cloud Infrastructure) matches ICP criteria → +20/20; Employee count (27) is within target range (10–100) → +20/20; Moderate growth signals (44% revenue growth, 28% employee growth, founded 2020) → +11/20; High data completeness (100%) → +15/15"
"Proxima Identity","B",89,"Cybersecurity",4700000,36,"Calgary, AB, Canada","Nolan Ferguson","CEO","nolan@proximaidentity.example.com","Revenue ($4.7M) is within target range ($5.0M–$25.0M) → +24/25; Industry (Cybersecurity) matches ICP criteria → +20/20; Employee count (36) is within target range (10–100) → +20/20; Moderate growth signals (33% revenue growth, 20% employee growth, founded 2018) → +10/20; High data completeness (100%) → +15/15"
"DataMesh Orchestration","B",89,"Cloud Infrastructure",8100000,64,"Denver, CO, United States","Rachel Wei","CEO","rachel@datamesh-iq.example.com","Revenue ($8.1M) is within target range ($5.0M–$25.0M) → +25/25; Industry (Cloud Infrastructure) matches ICP criteria → +20/20; Employee count (64) is within target range (10–100) → +20/20; Moderate growth signals (25% revenue growth, 15% employee growth, founded 2016) → +9/20; High data completeness (100%) → +15/15"
"Apex Cloud Solutions","B",89,"SaaS / Software",4500000,38,"Austin, TX, United States","Marcus Vance","Founder & CEO","marcus@apexcloud.example.com","Revenue ($4.5M) is within target range ($5.0M–$25.0M) → +24/25; Industry (SaaS / Software) matches ICP criteria → +20/20; Employee count (38) is within target range (10–100) → +20/20; Moderate growth signals (32% revenue growth, 24% employee growth, founded 2018) → +10/20; High data completeness (100%) → +15/15"
"OmniDesk CRM","B",87,"SaaS / Software",2900000,24,"Chicago, IL, United States","Tyler Brooks","Founder & CEO","tyler@omnidesk-app.example.com","Revenue ($2.9M) is close to target range ($5.0M–$25.0M) → +20/25; Industry (SaaS / Software) matches ICP criteria → +20/20; Employee count (24) is within target range (10–100) → +20/20; Moderate growth signals (45% revenue growth, 35% employee growth, founded 2020) → +12/20; High data completeness (100%) → +15/15"
"Kestrel Analytics","B",86,"Cloud Infrastructure",1900000,16,"Seattle, WA, United States","Amara Okafor","Founder & CEO","amara@kestrelanalytics.example.com","Revenue ($1.9M) is close to target range ($5.0M–$25.0M) → +17/25; Industry (Cloud Infrastructure) matches ICP criteria → +20/20; Employee count (16) is within target range (10–100) → +20/20; Moderate growth signals (60% revenue growth, 45% employee growth, founded 2021) → +14/20; High data completeness (100%) → +15/15"
"Vanguard Cyber Defense","B",85,"Cybersecurity",3200000,25,"Vancouver, BC, Canada","Chloe Zhang","CEO & Founder","chloe@vanguardcyber.example.com","Revenue ($3.2M) is close to target range ($5.0M–$25.0M) → +21/25; Industry (Cybersecurity) matches ICP criteria → +20/20; Employee count (25) is within target range (10–100) → +20/20; Moderate growth signals (30% revenue growth, 15% employee growth, founded 2019) → +10/20; High data completeness (100%) → +15/15"